<?xml version="1.0" encoding="utf-8"?>
<extension version="3.9.24" type="template">
	<name>mynewtemplate</name>
	<creationDate>2008-05-01</creationDate>
	<author>John Doe</author>
	<authorEmail>john@example.com</authorEmail>
	<authorUrl>http://www.example.com</authorUrl>
	<copyright>John Doe 2008</copyright>
	<license>GNU/GPL</license>
	<version>1.0.2</version>
	<description>My New Template</description>
	<files>
		<filename>index.php</filename>
		<filename>templateDetails.xml</filename>
		<folder>images</folder>
		<folder>css</folder>
	</files>
	<positions>
		<position>breadcrumb</position>
		<position>left</position>
		<position>right</position>
		<position>top</position>
		<position>user1</position>
		<position>user2</position>
		<position>user3</position>
		<position>user4</position>
		<position>footer</position>
	</positions>
</extension>